Entity,Deaths per TWh,Consumption - TWh
Biofuels,0.0048,8.084013
Biomass,4.63,17.34024956
Coal,24.62,841.40724
Nuclear,0.071,395.1924908
Gas,2.821,566.4792736
Hydropower,0.0235,9.567445278
Oil,18.43,1362.182262
Solar,0.019,40.87711222
Wind,0.035,7.745743333